,index,prediction
0,0,38.53353341897874
1,1,5.284568777464114
2,2,12.289368576344119
3,3,29.274923948166023
4,4,26.137451138685115
5,5,31.42975032303703
6,6,11.931657769267765
7,7,-3.043792216818209
8,8,85.2950686322957
9,9,9.087968325091163
10,10,113.40576728287567
11,11,15.0888065534703
12,12,13.067198372104974
13,13,14.455661150345522
14,14,66.09879040270054
15,15,15.259770926108178
16,16,86.12731902427137
17,17,41.28784692095973
18,18,19.563137559901
19,19,9.688350078340875
20,20,23.925861995891143
21,21,24.573811760679853
22,22,33.24884645915882
23,23,47.89694212138494
24,24,44.67425124308116
25,25,118.5759724110784
26,26,44.57892527482111
27,27,48.50125807867874
28,28,19.30670094092279
29,29,96.3066150972274
30,30,34.327281979506914
31,31,105.00613564800925
32,32,54.414680767123585
33,33,62.45587249075513
34,34,59.98085931587039
35,35,37.72924697122503
36,36,108.9187656479969
37,37,56.770031665451874
38,38,69.6823918372199
39,39,26.004803517530696
40,40,28.255903304303892
41,41,61.91320722961944
42,42,43.50430156707422
43,43,101.81550825778305
44,44,32.16971393255541
45,45,104.73966103809282
46,46,113.02108474581692
47,47,58.236030984675736
48,48,7.386609060693002
49,49,12.422668091277805
50,50,39.03955894293471
51,51,6.016425183003678
52,52,53.334032121571084
53,53,34.56450454397337
54,54,114.48804747183272
55,55,22.043298631120177
56,56,-7.097850775602317
57,57,62.97920356300373
58,58,2.6212451109606243
59,59,33.12579811325676
60,60,48.21179906908255
61,61,34.600096653855466
62,62,104.0824648830568
63,63,0.5500929824275865
64,64,45.6280870309198
65,65,40.623718448792964
66,66,88.86590434529604
67,67,14.230639593233999
68,68,28.43387088751862
69,69,30.07793849024642
70,70,40.10081265673759
71,71,16.096987854123412
72,72,29.743163970607398
73,73,26.030922863201617
74,74,19.393254999175117
75,75,2.5810415454721487
76,76,58.856482595484316
77,77,94.92303296670646
78,78,103.77911958246739
79,79,53.2600191181431
80,80,118.74141916297454
81,81,-5.800996604003203
82,82,29.454421790178806
83,83,110.59597326859748
84,84,53.744430661853386
85,85,52.31645293595056
86,86,23.316902737622936
87,87,115.40763247780016
88,88,30.33449388968903
89,89,1.649248297893658
90,90,103.71136866913218
91,91,70.213156547969
92,92,12.870762722741082
93,93,11.710401473587304
94,94,26.111976930688975
95,95,48.92993744522461
96,96,5.123760166854657
97,97,16.109920488628514
98,98,60.88666922032198
99,99,18.268560561070622
100,100,73.28499654726942
101,101,36.4061378159599
102,102,36.018650098377826
103,103,24.053210102352026
104,104,-1.401779430336407
105,105,60.518618556323695
106,106,10.83752947331914
107,107,28.07486153692171
108,108,21.98772281544107
109,109,38.474182595366464
110,110,35.049867873463924
111,111,33.337510128217396
112,112,62.41407600071951
113,113,32.02508831044806
114,114,23.954112061344386
115,115,51.5275813150652
116,116,-0.4889882925114605
117,117,13.121254919154504
118,118,118.92198861191297
119,119,34.719643348628374
120,120,16.969521992580127
121,121,-14.616625392202632
122,122,0.7695082477078574
123,123,18.16369177032545
124,124,-1.1313295882805585
125,125,97.23440095606847
126,126,20.19571327755885
127,127,8.632237066270264
128,128,95.38945514889112
129,129,32.08270053201184
130,130,80.41446242249197
131,131,95.26772969846277
132,132,64.31671669885607
133,133,101.78473161961601
134,134,-9.454596703476046
135,135,21.334025963198204
136,136,43.19959872340051
137,137,38.275718965902904
138,138,59.80718247496676
139,139,109.00752486102836
140,140,93.38902489389558
141,141,53.358058240650294
142,142,20.756395661859273
143,143,44.47802785301794
144,144,53.1097550433795
145,145,13.171702954223784
146,146,64.64790600454835
147,147,8.739533188338712
148,148,43.07360383404258
149,149,39.17443736838809
150,150,93.59322006177622
151,151,101.91366852762839
152,152,114.2013292595564
153,153,15.364358243338486
154,154,100.01613253889761
155,155,4.94482155882823
156,156,13.956770870793651
157,157,64.29869695061066
158,158,96.46860561414236
159,159,29.51140360653109
160,160,34.85441836655748
161,161,28.2971348066266
162,162,49.54594175818434
163,163,112.18932282075247
164,164,45.597851654960216
165,165,30.106772055941452
166,166,1.3605134489659838
167,167,20.5155862919307
168,168,55.08497437175897
169,169,107.69552283727533
170,170,41.99691919616384
171,171,97.93793390041743
172,172,67.40543591479724
173,173,-4.192364279081966
174,174,28.94905749596568
175,175,6.744233408381428
176,176,12.493740421446459
177,177,41.45179608185659
178,178,41.93731380975758
179,179,12.0558945581932
180,180,25.121824917781762
181,181,27.64472772210547
182,182,34.05107950202638
183,183,101.40217873660224
184,184,19.43384121252049
185,185,92.34072538709468
186,186,46.46653361022979
187,187,5.459650472336597
188,188,106.7604626279668
189,189,34.932102014881366
190,190,7.202974668910285
191,191,25.469661465141602
192,192,43.63966508576349
193,193,95.79168869909871
194,194,-1.2184417837172785
195,195,50.797494975340776
196,196,39.256548484695706
197,197,9.819272406885124
198,198,15.060204952968856
199,199,56.45186544781157
200,200,36.54118332635087
201,201,10.392302685506392
202,202,42.06487415795741
203,203,58.431560867385336
204,204,58.889223790439935
205,205,28.983993799704756
206,206,17.64032940568394
207,207,28.90244069263356
208,208,12.08634935689892
209,209,29.329110871616468
210,210,1.4945960980080575
211,211,92.08239088231943
212,212,42.43038337458664
213,213,61.77557790587398
214,214,12.002264922272111
215,215,39.28075887243508
216,216,17.156738717260815
217,217,27.98220275573593
218,218,33.68375261788908
219,219,112.55991390516701
220,220,-0.5395244059009264
221,221,55.641832781903226
222,222,20.654068986334472
223,223,16.428271238994434
224,224,57.73029063601662
225,225,14.823012771097485
226,226,59.951714475026
227,227,9.437599132682035
228,228,53.47609397984773
229,229,44.325975218160494
230,230,13.465103318403077
231,231,101.5085411784636
232,232,19.036246512892287
233,233,97.37406342829293
234,234,53.26222657296125
235,235,21.931115517301667
236,236,42.06487415795741
237,237,59.287651913422785
238,238,26.815445438438616
239,239,95.33227902855577
240,240,75.42541073817563
241,241,47.19749171346063
242,242,13.623602596563053
243,243,27.10395717884549
244,244,35.49108358833066
245,245,32.842742614735975
246,246,17.381558496446303
247,247,104.02894433601183
248,248,67.24486800170558
249,249,16.029864340028414
250,250,15.104392581163635
251,251,18.751885395972806
252,252,101.69423679740288
253,253,100.85980924777006
254,254,50.911378875865395
255,255,94.04027674311855
256,256,22.919344312575575
257,257,101.42444562353847
258,258,13.90023735448693
259,259,118.70539118327275
260,260,3.5990655120290556
261,261,9.586835857574137
262,262,53.94358503281503
263,263,46.19377534982477
264,264,33.289256753314206
265,265,13.758541731202847
266,266,107.27414436558198
267,267,42.99381528499547
268,268,7.8358358453371455
269,269,50.855306503310416
270,270,38.22068619514473
271,271,63.43092445603985
272,272,54.63491581232991
273,273,98.843391714568
274,274,35.02428516584568
275,275,9.46071730894805
276,276,13.78467170450949
277,277,20.589139220396426
278,278,54.94922837123865
279,279,48.190073358567474
280,280,-4.7743255258475
281,281,57.428271934195834
282,282,23.334655174487235
283,283,37.35371802247544
284,284,37.98287663384264
285,285,112.48099268994189
286,286,35.032851237731904
287,287,43.65933356136475
288,288,6.4157675884257666
289,289,91.61670819480209
290,290,12.651008746857546
291,291,49.20214338733355
292,292,32.40809213648614
293,293,43.93318017644727
294,294,19.683673360285358
295,295,23.68963706121308
296,296,19.435486646312476
297,297,-8.92865630857339
298,298,11.665059617355974
299,299,46.94191437525918
300,300,55.800907870418435
301,301,25.541569188914224
302,302,110.41170766069317
303,303,17.273339477542784
304,304,105.96023791863239
305,305,25.534104519509924
306,306,29.990118406064937
307,307,8.147505617328633
308,308,14.639088942094611
309,309,-0.33444856088333064
310,310,95.30215081348412
311,311,26.80600524721926
312,312,22.23360956129418
313,313,49.11323620212889
314,314,26.01439317244623
315,315,118.28848782665787
316,316,89.85311454343983
317,317,26.332801688149292
318,318,27.209661562293746
319,319,44.20782906089649
320,320,10.606450451184536
321,321,37.641455748645974
322,322,11.717498699642896
323,323,25.935135109070032
324,324,18.44772003976749
325,325,21.64314363438405
326,326,105.2533569205623
327,327,64.47302688328047
328,328,93.70445248801691
329,329,45.68454100246883
330,330,21.168619623592267
331,331,18.44006773032745
332,332,27.261977452421274
333,333,25.87331251207029
334,334,42.15487644996913
335,335,4.812575141736332
336,336,107.44823548029413
337,337,48.59719755219388
338,338,60.630276422541726
339,339,38.2745777206914
340,340,-1.6553308592712046
341,341,59.41725369588874
342,342,70.83386212972624
343,343,32.90163495911127
344,344,37.28629064093431
345,345,51.734115151908945
346,346,3.187526902274069
347,347,35.100614585125776
348,348,25.43656276786555
349,349,39.093762154268006
350,350,42.33726052326898
351,351,20.727421544132252
352,352,44.41410642703681
353,353,37.96361162625759
354,354,95.16027375506609
355,355,2.093488318090398
356,356,21.243531140985077
357,357,-17.18895463624944
358,358,53.09628344811094
359,359,11.287185510611963
360,360,86.17955954051816
361,361,26.207434310901384
362,362,67.11906189746655
363,363,19.582239213157592
364,364,102.38488547231506
365,365,53.21766800690948
366,366,100.14520608061778
367,367,57.62378244751207
368,368,46.1090561116932
369,369,25.91187208643929
370,370,66.34204622059488
371,371,107.9414967854012
372,372,55.17411413442972
373,373,56.32499558390449
374,374,13.74149240726454
375,375,97.49498129367504
376,376,48.732600803511204
377,377,37.69787824604801
378,378,24.988386988647605
379,379,48.15022901953066
380,380,54.92466555281835
381,381,-3.312391002364572
382,382,8.486671298540541
383,383,102.1334183431783
384,384,28.338140677082695
385,385,37.273092615336324
386,386,32.58064470842253
387,387,41.44838169199224
388,388,54.58754420478063
389,389,53.73671966182685
390,390,42.63855307114987
391,391,29.85604973667469
392,392,21.630700351573836
393,393,27.735747404098817
394,394,20.98491904414813
395,395,52.11796135411979
396,396,92.21893385001808
397,397,3.668523676415951
398,398,14.405707456433976
399,399,9.586835857574137
400,400,21.800860546556105
401,401,53.6413936935668
402,402,66.53636572343306
403,403,27.645227921117307
404,404,95.05167763684429
405,405,43.11495798739383
406,406,32.107302844007656
407,407,43.20498955729586
408,408,113.40160001325589
409,409,18.196244198589145
410,410,36.103124343301765
411,411,111.06376596444521
412,412,25.08971259871956
413,413,31.433281739942394
414,414,6.3900068278415105
415,415,23.142906613782383
416,416,40.070722520483415
417,417,53.334032121571084
418,418,27.799243241030165
419,419,25.810455515955752
420,420,30.136706171824503
421,421,31.910363801877462
422,422,5.922541388466522
423,423,48.1508606865273
424,424,33.1236412697917
425,425,64.8493065041497
426,426,20.56326425872429
427,427,47.624513044774844
428,428,15.84160683330355
429,429,58.34173775795081
430,430,27.27296833164855
431,431,71.15991937425292
432,432,45.20243745306866
433,433,58.04899484885062
434,434,0.1037935213523236
435,435,101.2668894395449
436,436,14.332961692187522
437,437,1.6399383927563522
438,438,16.59679574852649
439,439,17.50060167928543
440,440,30.529750769061827
441,441,24.054539714352423
442,442,8.970809577234046
443,443,101.44441204385843
444,444,-6.479342589168604
445,445,63.261202811038544
446,446,57.94256045998393
447,447,39.57605826473113
448,448,58.30914471885377
449,449,83.68991268616098
450,450,41.74746328111142
451,451,111.35048417672152
452,452,9.375904843442298
453,453,24.542966111573236
454,454,18.421420222589106
455,455,36.25446511407453
456,456,36.10125149162576
457,457,45.70029170502952
458,458,89.80654898490747
459,459,39.341377974975046
460,460,44.75848117795394
461,461,20.29608375534788
462,462,62.77635287695825
463,463,16.930278766924012
464,464,54.974276247987305
465,465,68.00022688693336
466,466,25.152041001376553
467,467,45.067939942501816
468,468,39.76238454513512
469,469,39.75337275434764
470,470,28.64649121172757
471,471,65.51242813814885
472,472,32.00958314321028
473,473,103.70142958869107
474,474,44.38025124952431
475,475,56.45262379688086
476,476,98.2653841759255
477,477,21.102141021544366
478,478,39.22687254524039
479,479,17.82442163343859
480,480,111.16466338624835
481,481,101.07813874234569
482,482,44.94832977102002
483,483,101.3617952123171
484,484,48.68276755388544
485,485,34.46110582478195
486,486,43.517645684558374
487,487,5.565069105942556
488,488,25.943940768471553
489,489,41.968036195098406
490,490,13.456484320253685
491,491,31.34926955229306
492,492,30.608282640608582
493,493,30.05260760150989
494,494,8.125423497359172
495,495,57.80450143804723
496,496,-7.485824897218685
497,497,97.97688982435494
498,498,57.58645294073461
499,499,15.038067413623432
500,500,36.35379650459939
501,501,48.21179906908255
502,502,13.606322536286632
503,503,92.19762088518603
504,504,71.88355592230761
505,505,36.52736697903678
506,506,0.22528881684319238
507,507,-0.36005389262521487
508,508,16.363102806494567
509,509,55.200452014020534
510,510,43.30545419734365
511,511,68.07458111019811
512,512,12.023057616949774
513,513,11.826650450269566
514,514,2.882235271222317
515,515,11.146352710984813
516,516,30.926933335355457
517,517,115.41246362384707
518,518,10.487529102958188
519,519,60.517165728444944
520,520,107.61228257574474
521,521,27.876788483340977
522,522,107.82214069172915
523,523,111.25998935450839
524,524,40.6376927960134
525,525,18.225669297431825
526,526,-1.5839349718696818
527,527,-17.895788585355046
528,528,45.4693237465487
529,529,39.47602714447987
530,530,49.196722092466054
531,531,102.09037919384545
532,532,60.01566610645637
533,533,11.480720569093943
534,534,6.745037426301118
535,535,61.49024367016518
536,536,114.0545832934099
537,537,45.7110729463941
538,538,45.517860546018156
539,539,33.37934316698153
540,540,0.7710160201063072
541,541,29.891587392793067
542,542,48.84074442267036
543,543,58.97541403026109
544,544,-4.424614334316869
545,545,7.999719179135247
546,546,19.667584540624294
547,547,40.13818590143042
548,548,10.56608783964863
549,549,8.752908152163808
550,550,0.9572936615544764
551,551,114.95788871787633
552,552,66.34956464980682
553,553,51.23785008072918
554,554,66.19173324935545
555,555,56.58641264817804
556,556,11.62905751154546
557,557,26.284473664918885
558,558,65.48565665340801
559,559,48.28272811862214
560,560,28.700494136609272
561,561,46.42758464237985
562,562,43.64972712332963
563,563,93.51957088647164
564,564,114.11083443734327
565,565,92.130067475792
566,566,3.936516107505438
567,567,117.23020754971147
568,568,-3.585699593885853
569,569,14.65144715758916
570,570,104.71555394702342
571,571,62.24672790919274
572,572,109.6565214224755
573,573,14.559797850991059
574,574,53.0669796119216
575,575,42.925990213534725
576,576,22.818148618595185
577,577,8.595709128964957
578,578,-3.2657412695763175
579,579,31.030121171060056
580,580,18.130254007526585
581,581,34.512216199884534
582,582,14.044735709809851
583,583,37.10380486105356
584,584,54.25298795922456
585,585,53.047860646696776
586,586,12.674724822448711
587,587,117.86673798699101
588,588,42.65968081499097
589,589,21.464769819410048
590,590,101.3645308360167
591,591,57.16536718954127
592,592,50.46856730738831
593,593,-11.76404248604596
594,594,45.485570574085656
595,595,97.68774848159788
596,596,28.981216715813545
597,597,32.85845175742272
598,598,19.226239459721715
599,599,35.18709655686696
600,600,24.44256871933251
601,601,101.8720447255542
602,602,37.13445679290987
603,603,67.66587350134405
604,604,7.797852073812522
605,605,60.341544075192736
606,606,33.42827791074976
607,607,27.573284607219048
608,608,111.41834823171156
609,609,42.30800611202485
610,610,27.204872662142837
611,611,60.5158544076926
612,612,38.630313183428015
613,613,44.328057968345526
614,614,5.493667159543428
615,615,101.76242697099822
616,616,2.8904377477036176
617,617,29.969994422420946
618,618,36.78824481790873
619,619,63.462515782371
620,620,28.92964865924028
621,621,103.71136866913218
622,622,27.766669947903562
623,623,17.92556435409728
624,624,104.77112252470513
625,625,13.400141138354641
626,626,-0.42242185712341374
627,627,69.50834613540245
628,628,-18.373984606798842
629,629,17.96485260000309
630,630,44.79934596442343
631,631,110.41170766069317
632,632,62.07600122875448
633,633,90.32351459507785
634,634,28.866724959436656
635,635,105.2533569205623
636,636,13.01181244948471
637,637,50.670380974191715
638,638,41.494961066028885
639,639,41.446527999510074
640,640,52.08472631231084
641,641,-2.9445571957447028
642,642,50.892820943600825
643,643,12.571725391091762
644,644,-12.452062168272024
645,645,21.873890303507
646,646,26.563095119085958
647,647,24.590530594438736
648,648,26.753926529702373
649,649,103.0708427106029
650,650,39.90735465345018
651,651,21.89634611649882
652,652,20.94278245442948
653,653,26.28554795272046
654,654,41.1503132992668
655,655,57.05078845398918
656,656,42.38778598426146
657,657,46.58755748579235
658,658,43.93739797053071
659,659,106.02771203293719
660,660,106.46245733712259
661,661,11.282333628085599
662,662,35.89254018585226
663,663,76.73476599582229
664,664,9.962915020646875
665,665,14.92014481998793
666,666,104.31566254828815
667,667,67.02985648100162
668,668,34.89660817180783
669,669,20.096055680197882
670,670,31.91877186174856
671,671,1.7103399189051243
672,672,33.83329506360981
673,673,50.40597688638177
674,674,59.68321790939972
675,675,6.988537535046197
676,676,18.378871900880547
677,677,110.38530817852487
678,678,6.026355898191436
679,679,49.08220625033037
680,680,58.879305461374415
681,681,95.09672793730714
682,682,100.67900296097356
683,683,0.5640167098886546
684,684,11.940050037958526
685,685,49.02450605356277
686,686,32.59550825361268
687,687,97.93793390041743
688,688,8.028200270079003
689,689,31.96697422543441
690,690,30.132630718697317
691,691,31.78939737039929
692,692,15.859358428555698
693,693,29.681086696043874
694,694,97.78169950595135
695,695,40.7294281577902
696,696,18.296474642263206
697,697,94.95635166858425
698,698,52.18211619153652
699,699,20.372819654707506
700,700,5.686358671600675
701,701,3.176461541098122
702,702,15.801507886657044
703,703,32.525782635192776
704,704,104.15914111961816
705,705,103.55838938014443
706,706,110.38530817852487
707,707,34.10708269606445
708,708,60.892126163255845
709,709,14.425470349463042
710,710,37.61575351878076
711,711,66.63076888132136
712,712,107.27414436558198
713,713,48.50560077528095
714,714,118.83149378969983
715,715,53.23283072695953
716,716,55.119308216367436
717,717,29.047223805387045
718,718,22.28871968611797
719,719,32.1276785675034
720,720,100.57536846845089
721,721,36.72928712492938
722,722,36.48394210516062
723,723,8.587540413125224
724,724,40.47634157963132
725,725,29.425565317422397
726,726,41.7087247735523
727,727,11.226612481715437
728,728,41.83200774653167
729,729,39.04314183820813
730,730,62.626691979088285
731,731,53.37872856943066
732,732,44.055511641206905
733,733,43.113053170505154
734,734,9.215739643649522
735,735,97.45957011293677
736,736,104.54412249647491
737,737,26.549739599143727
738,738,48.23134588241723
739,739,44.512363188725416
740,740,94.77752426857663
741,741,55.63214278298304
742,742,12.143867326418455
743,743,15.304071109149005
744,744,13.13337005564088
745,745,35.69591911428432
746,746,22.012251232421914
747,747,6.006548406682172
748,748,58.20740091539689
749,749,17.75903762226289
750,750,8.308777104724799
751,751,39.20592248508246
752,752,21.21583007108649
753,753,54.76642780343336
754,754,43.548829701526465
755,755,36.18212302655642
756,756,101.2071712554988
757,757,48.79142123702204
758,758,18.745713272676976
759,759,36.91958213460803
760,760,40.03634245302511
761,761,33.9463628462226
762,762,29.393524153286336
763,763,94.2057234950147
764,764,67.44403814299753
765,765,74.04718554209181
766,766,19.810029153421493
767,767,10.638135554951381
768,768,2.428695775722958
769,769,108.88798900982987
770,770,51.4928684241217
771,771,19.19833271409406
772,772,21.864217770188738
773,773,37.51909188445312
774,774,-0.5449199823057608
775,775,112.70743312232923
776,776,42.614183304976564
777,777,70.07660152981303
778,778,12.768916521739586
779,779,17.58840900688041
780,780,104.07652428807683
781,781,57.07513802605653
782,782,35.539122942215904
783,783,111.86931791047498
784,784,22.25756992984399
785,785,18.02427088006895
786,786,33.83487032850094
787,787,37.340894070320516
788,788,56.11475219984384
789,789,21.95746305942515
790,790,110.46359763319099
791,791,19.075829849986725
792,792,0.8827114193653296
793,793,87.17163725058418
794,794,109.4860852519847
795,795,44.4852843444016
796,796,41.63464645351499
797,797,32.86445768939385
798,798,22.173604521386082
799,799,90.87040565276804
800,800,37.568785389158286
801,801,100.74412994524407
802,802,29.61389198804324
803,803,2.3057697806357718
804,804,101.47737004762028
805,805,41.37073196132444
806,806,107.69720015390624
807,807,95.81229429713657
808,808,24.60583410563389
809,809,23.14711529022562
810,810,15.328763095020355
811,811,111.06376596444521
812,812,97.49498129367504
813,813,65.92929834166496
814,814,18.974932428183557
815,815,19.171155818246774
816,816,98.06912302418077
817,817,5.626325491093148
818,818,13.285826904194261
819,819,27.223342752766847
820,820,30.710347605125275
821,821,4.80277320331542
822,822,15.859358428555698
823,823,43.21863863147436
824,824,-3.605899474389611
825,825,25.047684977205865
826,826,51.89831724384734
827,827,111.84245254131608
828,828,34.07280257275969
829,829,31.710204206378595
830,830,25.427394796257488
831,831,-9.479685445675438
832,832,33.425878277494704
833,833,109.11498903806009
834,834,14.893679745623542
835,835,59.95848998612097
836,836,15.697417212016214
837,837,9.548596301708876
838,838,23.646059703927616
839,839,-23.109230158739724
840,840,58.526886835645385
841,841,-9.760489231386085
842,842,20.339952026721996
843,843,40.15653750721686
844,844,35.25686883927237
845,845,2.1353080585351516
846,846,48.403191313098844
847,847,29.771581518257
848,848,28.6413480273808
849,849,13.188059537023326
850,850,50.36896279457585
851,851,45.26359262692975
852,852,13.082680084099845
853,853,46.846615014611686
854,854,58.12886238437637
855,855,5.57017458844684
856,856,39.56136212613264
857,857,93.91878092746097
858,858,-3.15033963208093
859,859,26.478600519298432
860,860,52.20073107611736
861,861,7.480340516399683
862,862,104.55847479019087
863,863,18.22219153148758
864,864,27.390144588726187
865,865,48.2765513323821
866,866,21.560946998330593
867,867,-18.766600433987364
868,868,23.108301948879525
869,869,51.06447045542875
870,870,21.300628268222592
871,871,21.9315380827452
872,872,51.045457027179246
873,873,17.304116115709814
874,874,15.256049508462949
875,875,12.136456157575024
876,876,115.60385586786334
877,877,113.6883182255322
878,878,60.76567957906113
879,879,0.6034770010189496
880,880,4.469916996117428
881,881,97.46440125898368
882,882,52.520482204537444
883,883,87.89589223095811
884,884,36.87320471594878
885,885,22.072100817089336
886,886,33.5891645317454
887,887,-4.40569529797048
888,888,47.12513900221156
889,889,101.28460289253827
890,890,-7.9113531730507
891,891,36.42168023671831
892,892,4.750930437214108
893,893,40.63541100138231
894,894,10.887261685523185
895,895,66.07825866204927
896,896,25.761383125448653
897,897,91.97506268799799
898,898,23.92507771616219
899,899,106.73779378231083
900,900,14.815217673400548
901,901,46.3319329830748
902,902,70.48784592889167
903,903,40.97796773923809
904,904,7.082467627140804
905,905,22.241790560132156
906,906,101.75045353397537
907,907,39.16031915633309
908,908,57.7258423943399
909,909,17.13690784964563
910,910,51.12397763184248
911,911,47.911860601548916
912,912,41.289460534246636
913,913,7.547114700814086
914,914,34.66540196577654
915,915,25.418136910663225
916,916,51.58244592062081
917,917,24.073380229063996
918,918,106.00499652953305
919,919,25.11710998480567
920,920,64.64049470963879
921,921,41.10007766134073
922,922,8.607952863048508
923,923,114.94604144166242
924,924,-0.3569354960309834
925,925,34.19084697919408
926,926,-3.2038900167465445
927,927,41.45244266235834
928,928,37.206140729909585
929,929,34.736055699203405
930,930,-19.18276871200071
931,931,58.84009443429989
932,932,28.495249232934817
933,933,100.74273760290245
934,934,30.754454470560546
935,935,109.69812085572039
936,936,20.939158565434898
937,937,46.380883674959584
938,938,5.250126892455032
939,939,32.96242082743662
940,940,18.759990241017668
941,941,5.4842488692741025
942,942,17.541708174807486
943,943,37.57834663061723
944,944,59.693605129348015
945,945,22.19361375871942
946,946,111.61112104858988
947,947,44.68296235181524
948,948,38.206827634155374
949,949,17.76142355010289
950,950,-5.248817098196023
951,951,104.32248467480608
952,952,36.92177618365673
953,953,3.2317610825519143
954,954,96.63286958123365
955,955,59.931604848553505
956,956,102.11452545835203
957,957,29.356401046368248
958,958,106.15646130869557
959,959,37.326520752846875
960,960,26.70806780466692
961,961,76.44695022281752
962,962,50.684725811474905
963,963,2.31136646420343
964,964,93.04169059615383
965,965,23.231482066880847
966,966,42.43784911270233
967,967,14.271333568411544
968,968,30.935695154435184
969,969,21.988464851318408
970,970,33.18842115373369
971,971,52.93491241848245
972,972,14.857509924619547
973,973,15.44738121172726
974,974,112.07802816698138
975,975,102.01173164784623
976,976,0.5552586285351706
977,977,30.032653427170487
978,978,98.35090114529228
979,979,4.355553487245131
980,980,20.837060109447346
981,981,43.97182559536991
982,982,41.31725346783771
983,983,40.07575769458833
984,984,8.598761147412851
985,985,108.63351827322343
986,986,40.50950307348322
987,987,13.479788816491157
988,988,40.82209171879457
989,989,95.4741560869738
990,990,0.9436701290559601
991,991,28.681347415733047
992,992,-4.531295045844374
993,993,29.641827262393363
994,994,9.822849436385265
995,995,17.155513280253107
996,996,56.917140059937246
997,997,36.958044950468576
998,998,0.8894852063768375
999,999,98.06912302418077
1000,1000,23.56481774016001
1001,1001,33.98127864916929
1002,1002,0.5431420311788117
1003,1003,12.117647746765755
1004,1004,26.382345758643595
1005,1005,47.257581747969
1006,1006,37.63632784202365
1007,1007,107.08675772088442
1008,1008,115.40763247780016
1009,1009,21.41916397745928
1010,1010,31.538730147117754
1011,1011,95.81598727396518
1012,1012,31.721185448897995
1013,1013,17.703574486132254
1014,1014,33.62815895599257
1015,1015,36.39521374157206
1016,1016,108.13427333561111
1017,1017,9.449960517703309
1018,1018,38.496783338333195
1019,1019,12.118802231150752
1020,1020,33.1299541424175
1021,1021,16.701004612282222
1022,1022,16.44657881857018
1023,1023,0.48539362973829225
1024,1024,14.909027220510689
1025,1025,93.39047516801257
1026,1026,23.073968269393884
1027,1027,38.372362363191556
1028,1028,-0.19708259512946444
1029,1029,41.71823372167788
1030,1030,117.19943091154443
1031,1031,60.06007436481087
1032,1032,8.70321472646957
1033,1033,118.89121197374592
1034,1034,50.297600701609966
1035,1035,57.0753701355878
1036,1036,47.54347552193535
1037,1037,40.14610220582532
1038,1038,2.1177016782423435
1039,1039,107.57302958527086
1040,1040,107.81364242257956
1041,1041,103.01492164567976
1042,1042,56.03629584216371
1043,1043,89.39599715540022
1044,1044,36.52931158428815
1045,1045,35.550612287238245
1046,1046,50.296697158223054
1047,1047,107.74613800130973
1048,1048,44.88275297281461
1049,1049,45.665430535075615
1050,1050,15.942805577917541
1051,1051,46.509603277866205
1052,1052,24.64446936769893
1053,1053,35.83530394406177
1054,1054,104.66059660536851
1055,1055,50.159034568990215
1056,1056,41.82289229578122
1057,1057,27.97525731717312
1058,1058,57.48967017990196
1059,1059,-13.334622221533266
1060,1060,112.42210021976666
1061,1061,19.142374287687254
1062,1062,13.157521148225722
1063,1063,22.931194629228482
1064,1064,106.07783822854519
1065,1065,18.407780092560685
1066,1066,94.54539852000703
1067,1067,25.858809576202383
1068,1068,42.62642925952829
1069,1069,39.46905858591096
1070,1070,34.91559175087528
1071,1071,1.774653851443119
1072,1072,25.048624426479797
1073,1073,98.85886326334993
1074,1074,107.71709697232437
1075,1075,17.44634444486591
1076,1076,49.85770729830381
1077,1077,25.648489821094866
1078,1078,17.203569964644714
1079,1079,37.35675540871526
1080,1080,19.147586124768615
1081,1081,97.68637353769131
1082,1082,54.77509082521952
1083,1083,2.7073476223716844
1084,1084,11.757579686713807
1085,1085,6.135250696071828
1086,1086,39.76800208172036
1087,1087,20.988830042856243
1088,1088,61.6901431060208
1089,1089,104.35326131297312
1090,1090,-8.855193216931303
1091,1091,43.657745025523305
1092,1092,7.769359807202623
1093,1093,11.555386783303948
1094,1094,-4.2063132185309335
1095,1095,-2.195158157548586
1096,1096,40.38323073281865
1097,1097,43.65622509440471
1098,1098,18.396887127859557
1099,1099,3.0278903826372434
1100,1100,1.6641413247959274
1101,1101,26.824562954923326
1102,1102,36.997304551456004
1103,1103,-3.283831812638256
1104,1104,28.48779721753713
1105,1105,11.1802206513622
1106,1106,107.3345440893106
1107,1107,28.802618876113204
1108,1108,102.67371378602677
1109,1109,107.23921812105056
1110,1110,38.57753864645059
1111,1111,16.27125883436347
1112,1112,40.772978217734504
1113,1113,98.80798053382973
1114,1114,34.52248376690094
1115,1115,18.75873265653005
1116,1116,45.83764662040701
1117,1117,93.83462728109008
1118,1118,14.771981308139564
1119,1119,33.4296458303738
1120,1120,14.900009542607425
1121,1121,30.641260346112173
1122,1122,38.09244289679827
1123,1123,15.498759122223758
1124,1124,38.800441478201805
1125,1125,25.83017878415218
1126,1126,109.6565214224755
1127,1127,48.063499656602005
1128,1128,20.56086669636746
1129,1129,30.633684557274503
1130,1130,4.917174727527495
1131,1131,23.4338095677275
1132,1132,32.36253938092945
1133,1133,39.384920701561676
1134,1134,29.367890928722982
1135,1135,27.908916831010355
1136,1136,5.402994836841455
1137,1137,14.104349374561568
1138,1138,25.240853415079837
1139,1139,43.37816961613771
1140,1140,36.92195273672767
1141,1141,95.25348444437958
1142,1142,61.89221822562506
1143,1143,26.514109239252992
1144,1144,41.95793188216105
1145,1145,90.84228175155094
1146,1146,37.23691736807662
1147,1147,100.67047619861044
1148,1148,100.88806596740767
1149,1149,103.99135178967876
1150,1150,6.930783388242811
1151,1151,-13.043071976604162
1152,1152,107.27414436558198
1153,1153,44.11359586832553
1154,1154,23.981852599421636
1155,1155,32.88099827849738
1156,1156,94.25961811105176
1157,1157,103.8473428942518
1158,1158,17.539410054433294
1159,1159,60.86222925022763
1160,1160,40.362090708019615
1161,1161,48.706822168215126
1162,1162,12.144800580384702
1163,1163,101.47737004762028
1164,1164,21.50222306641505
1165,1165,92.09090063355023
1166,1166,105.97336570129204
1167,1167,104.39785918434164
1168,1168,38.18374476294754
1169,1169,65.1978781869886
1170,1170,48.01208958969629
1171,1171,15.736906172701593
1172,1172,38.467688331451605
1173,1173,3.691027832141776
1174,1174,-2.0086793669907443
1175,1175,67.57813730413989
1176,1176,21.24127078229241
1177,1177,-0.326146999672954
1178,1178,107.44702820639822
1179,1179,7.744019781089445
1180,1180,21.825072205065357
1181,1181,21.846017460021365
1182,1182,33.965890019682675
1183,1183,7.68420913988374
1184,1184,115.10027090580444
1185,1185,31.34051109804392
1186,1186,14.131643694655045
1187,1187,93.12322971907523
1188,1188,31.420809166260575
1189,1189,43.00394238296399
1190,1190,51.52694222555681
1191,1191,8.979420700637833
1192,1192,16.11801110162792
1193,1193,97.63708849632424
1194,1194,94.11039752675465
1195,1195,24.826242835984203
1196,1196,27.119544454081453
1197,1197,43.2442642282415
1198,1198,71.44196338394445
1199,1199,13.871594135290996
1200,1200,35.43118916925075
1201,1201,16.294930264218152
1202,1202,44.504606702770715
1203,1203,33.72799875890948
1204,1204,32.010699431190126
1205,1205,57.28231120211128
1206,1206,12.660236120327507
1207,1207,31.61425305404349
1208,1208,101.32258051421229
1209,1209,16.65496061070827
1210,1210,53.30325548340405
1211,1211,25.109721545814413
1212,1212,19.744439178483358
1213,1213,31.653307450660016
1214,1214,33.66283327064135
1215,1215,4.626602989279638
1216,1216,29.888382426018556
1217,1217,108.4698934815576
1218,1218,33.4761052266341
1219,1219,107.90868581981633
1220,1220,16.92473483016695
1221,1221,56.19804619201858
1222,1222,49.91453178036748
1223,1223,57.95177317599102
1224,1224,28.919463945633144
1225,1225,21.931625222807384
1226,1226,36.81039196187169
1227,1227,35.22041244073861
1228,1228,22.735347337103512
1229,1229,36.534104695051326
1230,1230,31.320565146650978
1231,1231,99.67581296314003
1232,1232,28.221111626540257
1233,1233,21.411890756669806
1234,1234,5.183671355660946
1235,1235,48.577872460601725
1236,1236,4.398122357570814
1237,1237,1.75583817846467
1238,1238,99.87735835056857
1239,1239,31.245358158620206
1240,1240,17.861004108241296
1241,1241,47.201719240902115
1242,1242,25.473888020141885
1243,1243,14.232669387740803
1244,1244,36.140015786971475
1245,1245,3.715108427340416
1246,1246,99.84446485858045
1247,1247,2.780145147068229
1248,1248,27.105519347139673
1249,1249,29.30137269212524
1250,1250,23.115877096329893
1251,1251,12.18032320861453
1252,1252,33.81868360147862
1253,1253,40.997647404741265
1254,1254,-16.626790948645844
1255,1255,97.78169950595135
1256,1256,50.892820943600825
1257,1257,101.30700890419998
1258,1258,34.78253276674304
1259,1259,18.593110517922774
1260,1260,18.66605024287996
1261,1261,17.525276549316477
1262,1262,20.839037232084856
1263,1263,64.66434709059298
1264,1264,111.81357684164131
1265,1265,51.50108896536602
1266,1266,115.8706737880549
1267,1267,20.29429797739239
1268,1268,115.0694942676374
1269,1269,27.768488347533356
1270,1270,61.674523720726874
1271,1271,36.569091714567946
1272,1272,59.03040623397006
1273,1273,0.2246456810032071
1274,1274,41.584540935879204
1275,1275,31.391324920752133
1276,1276,39.21306665990639
1277,1277,14.167715668777893
1278,1278,5.183671355660946
1279,1279,114.05723307386201
1280,1280,98.93388653678113
1281,1281,1.097789813789229
1282,1282,56.233298857104835
1283,1283,114.90195730514162
1284,1284,50.686615445795226
1285,1285,54.07821573350898
1286,1286,45.54057566323141
1287,1287,34.193408330048754
1288,1288,10.70364042464456
1289,1289,30.361536933202483
1290,1290,28.859599712663254
1291,1291,15.564232227767718
1292,1292,44.36701832601392
1293,1293,30.500270341156714
1294,1294,92.91476227585588
1295,1295,27.571131831093705
1296,1296,64.24435061896551
1297,1297,39.828149359417786
1298,1298,17.24032915061997
1299,1299,64.25499311522434
1300,1300,55.62098398536725
1301,1301,31.819868979664335
1302,1302,17.526255992173333
1303,1303,96.3087964628222
1304,1304,49.511545033351204
1305,1305,30.339329682485662
1306,1306,14.038683200355711
1307,1307,3.2542313337645097
1308,1308,6.645009771295412
1309,1309,21.96559054009001
1310,1310,19.29242727862693
1311,1311,50.74362935211049
1312,1312,20.962606940827353
1313,1313,21.02534295876485
1314,1314,24.105741718498876
1315,1315,-6.893942234707428
1316,1316,12.47459436773779
1317,1317,7.393087753962659
1318,1318,63.21647922691982
1319,1319,30.209564972335276
1320,1320,11.60851004548338
1321,1321,44.9388200652302
1322,1322,54.02855153078874
1323,1323,112.14991930218646
1324,1324,63.39230816440693
1325,1325,47.070126672594895
1326,1326,34.47893685570216
1327,1327,32.68459557190118
1328,1328,9.618800114626517
1329,1329,-1.4801045153820696
1330,1330,19.25535480899039
1331,1331,61.43612148817669
1332,1332,38.03484384159595
1333,1333,36.616517144725286
1334,1334,108.49366642430074
1335,1335,16.30730114289567
1336,1336,87.17163725058418
1337,1337,118.74141916297454
1338,1338,27.71200396361449
1339,1339,18.08226456559168
1340,1340,10.47972271250739
1341,1341,73.00479915252379
1342,1342,27.960387898411106
1343,1343,33.194224892677404
1344,1344,47.8237704158307
1345,1345,19.32039387793403
1346,1346,25.49237945298271
1347,1347,55.42342496376544
1348,1348,114.23210589772344
1349,1349,10.830063989317956
1350,1350,19.54303077182693
1351,1351,104.76149402717165
1352,1352,54.009059173432625
1353,1353,4.584072326705191
1354,1354,28.784872138257537
1355,1355,34.736055699203405
1356,1356,46.84811418874549
1357,1357,44.57512506911124
1358,1358,6.177628427977369
1359,1359,35.46302206735261
1360,1360,37.60801358200124
1361,1361,92.25189185377992
1362,1362,15.311649893624248
1363,1363,64.68015924701294
1364,1364,25.650304628313826
1365,1365,24.957584070880316
1366,1366,6.524984685256253
1367,1367,54.03261516960558
1368,1368,15.57520879482903
1369,1369,55.904413752205826
1370,1370,68.48628346779314
1371,1371,17.896712620224253
1372,1372,108.62255478647494
1373,1373,40.68182953743533
1374,1374,22.58514268922128
1375,1375,27.342030666918532
1376,1376,36.86625803644036
1377,1377,57.51375624911772
1378,1378,2.3458960453255444
1379,1379,29.21742308675956
1380,1380,45.404397320883334
1381,1381,43.96501681899378
1382,1382,29.848570426300615
1383,1383,17.919025750884252
1384,1384,66.38259552873615
1385,1385,56.31136216255949
1386,1386,43.944146177470834
1387,1387,11.537591188488431
1388,1388,23.138431784424018
1389,1389,23.86558845345953
1390,1390,34.613502202831924
1391,1391,25.68366487523295
1392,1392,58.12216171389885
1393,1393,45.3024039430204
1394,1394,95.99487636923293
1395,1395,27.6704577665096
1396,1396,39.33544359117979
1397,1397,34.57248407059575
1398,1398,-1.1807471105511198
1399,1399,-10.83582827295316
1400,1400,22.226079170645768
1401,1401,59.46085739096423
1402,1402,49.562457960389956
1403,1403,15.77337680124119
1404,1404,19.811954275989898
1405,1405,58.21935720658949
1406,1406,52.57094435465523
1407,1407,2.440362496519019
1408,1408,36.89975944709194
1409,1409,28.890165517543185
1410,1410,110.94181756466558
1411,1411,50.47881171946584
1412,1412,6.231278114949305
1413,1413,20.381584576758826
1414,1414,25.58338224290221
1415,1415,15.760598410906017
1416,1416,21.444946546342376
1417,1417,90.75178692933781
1418,1418,58.46294485695385
1419,1419,79.4824821006438
1420,1420,1.8693136696289323
1421,1421,27.50994600934559
1422,1422,31.701238157315704
1423,1423,29.621788707485614
1424,1424,16.49432471236909
1425,1425,104.01663230064112
1426,1426,40.53028373215137
1427,1427,64.24505747878702
1428,1428,46.64825260971245
1429,1429,42.461403547186215
1430,1430,25.86582427142622
1431,1431,61.58320850936399
1432,1432,37.170314980280374
1433,1433,45.37027640342311
1434,1434,9.508449735046755
1435,1435,33.796086444359666
1436,1436,62.31614483365427
1437,1437,37.39676833850822
1438,1438,46.02838215918778
1439,1439,90.87926004942797
1440,1440,24.60721967783865
1441,1441,23.442560966588626
1442,1442,21.45743041104499
1443,1443,10.495649322061624
1444,1444,27.7422786387374
1445,1445,44.1564651283744
1446,1446,29.63204536121245
1447,1447,42.55040549551957
1448,1448,16.41620346823774
1449,1449,31.431178949093383
1450,1450,109.48540888361006
1451,1451,70.5783407511048
1452,1452,12.301422018347791
1453,1453,24.70459511013002
1454,1454,41.42795245742174
1455,1455,104.11943915822496
1456,1456,13.303134320856728
1457,1457,65.62886882301797
1458,1458,17.531903205764184
1459,1459,29.97633660660889
1460,1460,48.906320712120646
1461,1461,-1.5492213539349167
1462,1462,33.56630085728074
1463,1463,109.22612721999263
1464,1464,42.509023261243534
1465,1465,8.69566622562764
1466,1466,53.21386612189592
1467,1467,54.42844261954354
1468,1468,28.620366642024873
1469,1469,37.09963881191361
1470,1470,52.89575498814126
1471,1471,43.87188296778427
1472,1472,1.5602755746457462
1473,1473,62.709028212437936
1474,1474,45.46399210813554
1475,1475,47.11931235045013
1476,1476,108.21600204743942
1477,1477,88.70782116400585
1478,1478,36.95313226944209
1479,1479,95.13605563849259
1480,1480,37.12012405773675
1481,1481,7.009847372697842
1482,1482,101.21223389426797
1483,1483,46.948547143251076
1484,1484,29.64407191863184
1485,1485,110.84478728157768
1486,1486,41.206615224549786
1487,1487,44.44725121485091
1488,1488,118.45470095069822
1489,1489,22.81549588164527
1490,1490,113.52287147363606
1491,1491,21.52436556305552
1492,1492,5.541142612816388
1493,1493,46.412203485279015
1494,1494,8.843181044397559
1495,1495,61.860689452982186
1496,1496,44.12056035555954
1497,1497,18.667570856187815
1498,1498,95.16027375506609
1499,1499,114.41150799142046
1500,1500,-10.523783735814321
1501,1501,1.2132313122483278
1502,1502,35.911268302432255
1503,1503,105.2533569205623
1504,1504,114.97899944542426
1505,1505,104.45757736838773
1506,1506,8.749775716643622
1507,1507,118.4647290402712
1508,1508,114.43296383035785
1509,1509,61.858223082470055
1510,1510,16.771216417664068
1511,1511,113.77881304774533
1512,1512,9.527537869015879
1513,1513,-3.184659839145226
1514,1514,10.775256497060198
1515,1515,36.63736643024161
1516,1516,20.83004550712961
1517,1517,39.28412557661716
1518,1518,38.6008798076378
1519,1519,-17.076381221170866
1520,1520,15.240349714663896
1521,1521,31.92243543336877
1522,1522,30.925321320693556
1523,1523,53.17990513787922
1524,1524,30.837524320321126
1525,1525,10.775256497060198
1526,1526,60.62505890714896
1527,1527,19.268311658279103
1528,1528,36.97669523116422
1529,1529,98.47991038106612
1530,1530,90.24346805792553
1531,1531,118.74141916297454
1532,1532,11.836375411708307
1533,1533,48.782387255633935
1534,1534,29.784515151500663
1535,1535,44.91348142319639
1536,1536,102.87215630336631
1537,1537,18.664152020066666
1538,1538,60.09065579782094
1539,1539,104.11725779263016
1540,1540,21.595853049558777
1541,1541,16.69934574559526
1542,1542,12.869702299431328
1543,1543,-5.841777740505114
1544,1544,74.92668151515218
1545,1545,23.43533598401597
1546,1546,18.57579528789962
1547,1547,14.628426867840519
1548,1548,91.88079563985531
1549,1549,37.76786455243285
1550,1550,46.13700371505595
1551,1551,19.56401804850378
1552,1552,6.7755262506329075
1553,1553,25.954695562963217
1554,1554,94.73164072269019
1555,1555,3.5698260607498895
1556,1556,18.296474642263206
1557,1557,5.431522633341327
1558,1558,29.683984519545827
1559,1559,15.487848185814643
1560,1560,20.967710633072265
1561,1561,5.816912858480953
1562,1562,63.13440566178123
1563,1563,88.70782116400585
1564,1564,15.14190580125746
1565,1565,97.90084648359444
1566,1566,30.408891287945227
1567,1567,28.505748165411156
1568,1568,109.37184862366385
1569,1569,61.20040865626908
1570,1570,91.78546967159527
1571,1571,36.805704233962366
1572,1572,-28.102037854162795
1573,1573,17.22762550572287
1574,1574,41.96753332214299
1575,1575,-7.3377335138985496
1576,1576,2.0957659269608646
1577,1577,64.12748367561458
1578,1578,26.157591875770038
1579,1579,89.95235180387287
1580,1580,87.48593966220473
1581,1581,19.370898743861446
1582,1582,92.45632205624213
1583,1583,16.207788922959512
1584,1584,16.769360768323235
1585,1585,99.05294984067197
1586,1586,42.46847383628494
1587,1587,37.197722982392236
1588,1588,9.970753946236277
1589,1589,23.236516626429395
1590,1590,11.762017417788261
1591,1591,44.06092861706758
1592,1592,29.12822800169803
1593,1593,87.04690403023882
1594,1594,31.407246328946666
1595,1595,98.37451635540693
1596,1596,112.32035547267726
1597,1597,94.41067847854622
1598,1598,21.32897634765345
1599,1599,28.48604095920133
1600,1600,47.48103295363802
1601,1601,108.16220618967698
1602,1602,37.76786455243285
1603,1603,-7.652568891522635
1604,1604,27.798131859323952
1605,1605,1.3091622200763864
1606,1606,59.90009127115324
1607,1607,19.75734569024978
1608,1608,36.450688504137744
1609,1609,54.490448597536655
1610,1610,104.34647694813674
1611,1611,59.42401701854941
1612,1612,0.12204582417829259
1613,1613,55.90289216421398
1614,1614,6.45546081496961
1615,1615,14.792313781920859
1616,1616,24.14887034114002
1617,1617,37.086913220200145
1618,1618,103.14886468796189
1619,1619,50.08704464229366
1620,1620,104.11725779263016
1621,1621,20.210929199385312
1622,1622,-18.29601053982313
1623,1623,13.640393730023476
1624,1624,12.378224885335614
1625,1625,92.21893385001808
1626,1626,40.37448066318786
1627,1627,3.295128960658648
1628,1628,24.03000713916943
1629,1629,20.133989989444046
1630,1630,101.38114476975807
1631,1631,-0.07510229549444986
1632,1632,38.94596890618673
1633,1633,51.410778783242
1634,1634,53.3345940228537
1635,1635,48.21179906908255
1636,1636,67.2975359124284
1637,1637,-4.150057599733798
1638,1638,107.30376745114356
1639,1639,14.093762787916502
1640,1640,69.85212366676843
1641,1641,101.86273461484998
1642,1642,26.01843173743235
1643,1643,65.71534475267924
1644,1644,112.45617510679227
1645,1645,15.206122068871998
1646,1646,31.48904831159529
1647,1647,57.00706686408581
1648,1648,-3.3206246476529855
1649,1649,21.875443423270955
1650,1650,42.76896292047641
1651,1651,5.223902711936611
1652,1652,61.25409726935436
1653,1653,115.40763247780016
1654,1654,29.846154807807153
1655,1655,42.193099974395345
1656,1656,47.61791665038359
1657,1657,16.002158075903377
1658,1658,104.31102800571692
1659,1659,46.915001028625774
1660,1660,14.792313781920859
1661,1661,16.87779487159288
1662,1662,19.249158813480754
1663,1663,41.216000117879105
1664,1664,64.40107255568435
1665,1665,11.94614853456569
1666,1666,50.29063972688584
1667,1667,19.135744637508587
1668,1668,107.61228257574474
1669,1669,32.783926746391245
1670,1670,58.79141649694382
1671,1671,62.732980386493956
1672,1672,59.298088631630016
1673,1673,35.52902133219279
1674,1674,21.133671196714563
1675,1675,61.7369516220899
1676,1676,62.82720459358155
1677,1677,112.3311998791705
1678,1678,27.92290476717767
1679,1679,48.483772784064726
1680,1680,107.52545139712002
1681,1681,5.183671355660946
1682,1682,35.87306993319127
1683,1683,59.932452053418764
1684,1684,12.845557792513763
1685,1685,13.520227833885935
1686,1686,95.13432826294596
1687,1687,14.504480108339068
1688,1688,34.65608590846145
1689,1689,16.653374086044536
1690,1690,21.144206836542654
1691,1691,31.360101268895004
1692,1692,16.56859285264307
1693,1693,26.681372577888553
1694,1694,11.53426518124733
1695,1695,64.48035413930849
1696,1696,94.92303296670646
1697,1697,54.78111243919225
1698,1698,96.46687000496068
1699,1699,25.621485301058964
1700,1700,45.643758181227696
1701,1701,55.97529240932802
1702,1702,11.264678772073308
1703,1703,96.77596718613809
1704,1704,24.596542564918074
1705,1705,77.46258861575049
1706,1706,107.23873318484371
1707,1707,66.0447029769682
1708,1708,36.293660597767065
1709,1709,3.961438478780759
1710,1710,41.41589944087813
1711,1711,34.93227908926662
1712,1712,14.367928068083614
1713,1713,33.57785904018379
1714,1714,20.85232883570734
1715,1715,36.56566046100152
1716,1716,41.04270232685811
1717,1717,57.28476822105427
1718,1718,108.82533068956268
1719,1719,48.3943660063401
1720,1720,63.967380866965875
1721,1721,21.658782677828885
1722,1722,43.19959872340051
1723,1723,18.54688799145419
1724,1724,93.5961705837707
1725,1725,35.40974050015498
1726,1726,12.013835896571296
1727,1727,98.10923925938248
1728,1728,37.24965445633002
1729,1729,23.26801457126399
1730,1730,39.138941539375324
1731,1731,23.757267671011864
1732,1732,26.06025475637991
1733,1733,34.72126352211656
1734,1734,7.333943712126426
1735,1735,32.430510898403895
1736,1736,47.71722501356712
1737,1737,18.613924587984105
1738,1738,54.98495569235476
1739,1739,44.975970387420936
1740,1740,50.42412064606671
1741,1741,63.018933142466175
1742,1742,18.9558732218147
1743,1743,55.870037104823595
1744,1744,43.43373548548865
1745,1745,101.29666678102666
1746,1746,24.331389360306687
1747,1747,6.328102746721581
1748,1748,41.040359477294636
1749,1749,105.77219065431575
1750,1750,31.401855144157878
1751,1751,1.9022665954815463
1752,1752,117.8047645151691
1753,1753,97.3894451083746
1754,1754,107.8167407234862
1755,1755,25.31485974736426
1756,1756,42.54055731302907
1757,1757,26.902184325810033
1758,1758,62.15254784460942
1759,1759,10.909237986760708
1760,1760,-9.151738539289685
1761,1761,26.457087159459018
1762,1762,6.668317736235918
1763,1763,62.87725029876142
1764,1764,44.27509259430091
1765,1765,62.75743086157229
1766,1766,8.775208722904056
1767,1767,35.31545993010958
1768,1768,42.716066634083525
1769,1769,49.63776539184962
1770,1770,12.98093472567212
1771,1771,57.68949318143055
1772,1772,38.07746309708865
1773,1773,34.446973659130364
1774,1774,46.0090326017469
1775,1775,36.799280073621
1776,1776,-6.694351583101775
1777,1777,8.895297173455965
1778,1778,30.688399831119085
1779,1779,38.21501326361631
1780,1780,69.45467507066624
1781,1781,46.075067633514564
1782,1782,109.6565214224755
1783,1783,26.648607259666345
1784,1784,57.67789863492599
1785,1785,4.202762474979059
1786,1786,3.6115564442900467
1787,1787,15.319836861464681
1788,1788,23.248906581536897
1789,1789,16.3705729271325
1790,1790,74.86950374535495
1791,1791,47.901410070598345
1792,1792,31.00183170481299
1793,1793,59.680062188459246
1794,1794,-1.9872159487013938
1795,1795,47.41344568053951
1796,1796,35.18709655686696
1797,1797,16.446674893616787
1798,1798,50.308515594610675
1799,1799,16.630598351030038
1800,1800,9.425125299312395
1801,1801,103.5694538490326
1802,1802,13.124398634074584
1803,1803,10.401994689722075
1804,1804,11.146352710984813
1805,1805,4.095667721414381
1806,1806,62.57821671231784
1807,1807,64.9505027397546
1808,1808,16.038677017091118
1809,1809,17.09453891771176
1810,1810,64.37950614421538
1811,1811,20.553342409245435
1812,1812,23.08464528544826
1813,1813,18.58319285453955
1814,1814,31.356778083645462
1815,1815,27.615543195181928
1816,1816,33.10329462775424
1817,1817,95.01352778891959
1818,1818,15.317114512318467
1819,1819,28.089776626217137
1820,1820,9.937250677519556
1821,1821,1.7871905993290815
1822,1822,94.23650013318174
1823,1823,36.118855666677
1824,1824,51.23897130324782
1825,1825,104.95015809045181
1826,1826,93.25880110804239
1827,1827,14.292730198868723
1828,1828,104.41533258964995
1829,1829,49.09985687673734
1830,1830,62.93625552222762
1831,1831,54.127962554847244
1832,1832,24.910858307934692
1833,1833,16.333099959741674
1834,1834,46.30012547352195
1835,1835,49.51749007432275
1836,1836,34.8907995482208
1837,1837,51.34327826407586
1838,1838,42.11872067084584
1839,1839,61.51752263003452
1840,1840,103.08851281664947
1841,1841,16.781345262413733
1842,1842,114.02645643569497
1843,1843,55.19310015047093
1844,1844,57.96723218609013
1845,1845,44.30024764592823
1846,1846,0.7157915378787973
1847,1847,12.669361099859094
1848,1848,-6.315528110964564
1849,1849,47.63563449973389
1850,1850,3.006503698728874
1851,1851,1.9594757033007415
1852,1852,87.46462543327645
1853,1853,48.744534491561275
1854,1854,14.810386527353627
1855,1855,17.932399725751253
1856,1856,41.02611830806796
1857,1857,53.44313597608586
1858,1858,59.699534165125016
1859,1859,19.718831709442124
1860,1860,39.23811893161191
1861,1861,90.42043414742763
1862,1862,21.281221751711737
1863,1863,24.608015471228697
1864,1864,14.719891705140501
1865,1865,4.5660300154613
1866,1866,5.126858798015913
1867,1867,49.91453178036748
1868,1868,11.920415184014226
1869,1869,97.93793390041743
1870,1870,11.464108731645132
1871,1871,42.66121285038528
1872,1872,60.23406172662522
1873,1873,4.028368613087407
1874,1874,-3.0889136753973414
1875,1875,22.944824728507644
1876,1876,55.53048916315413
1877,1877,59.4095459604917
1878,1878,21.613970126925796
1879,1879,109.78771054623884
1880,1880,108.71954387260291
1881,1881,8.777802273358185
1882,1882,37.89829122914782
1883,1883,57.70201891126097
1884,1884,55.94323982596003
1885,1885,4.31272618902336
1886,1886,104.75365030888115
1887,1887,5.930023813895866
1888,1888,42.77410858204479
1889,1889,17.041410809743002
1890,1890,17.497877586406346
1891,1891,11.435937479417882
1892,1892,35.167615446714606
1893,1893,12.251796108795107
1894,1894,52.63035621671949
1895,1895,37.22472477517408
1896,1896,29.50070599097579
1897,1897,23.233776247309475
1898,1898,-11.353927364972563
1899,1899,35.476187265251085
1900,1900,24.856457865089233
1901,1901,26.209554114021344
1902,1902,-8.989048305738912
1903,1903,22.444264236034023
1904,1904,29.473332336877423
1905,1905,47.484708296867616
1906,1906,103.62243694134895
1907,1907,63.53511619487812
1908,1908,92.8265364359547
1909,1909,111.23796722412105
1910,1910,23.438670759250538
1911,1911,18.296474642263206
1912,1912,103.98280745030078
1913,1913,27.574889213270485
1914,1914,38.81935851310883
1915,1915,104.0658377947437
1916,1916,31.225223534202325
1917,1917,97.93793390041743
1918,1918,23.727204371886273
1919,1919,26.25889412775904
1920,1920,73.82360098189957
1921,1921,42.7793897783295
1922,1922,19.324035672451352
1923,1923,38.43043160916253
1924,1924,-8.871723378331723
1925,1925,118.63527039963665
1926,1926,18.418147742039153
1927,1927,110.75640439244948
1928,1928,9.059186597147056
1929,1929,-4.231686947962231
1930,1930,12.635776221115938
1931,1931,111.25998935450839
1932,1932,103.71293176356208
1933,1933,113.21791817389418
1934,1934,25.010075668809428
1935,1935,11.906101747421816
1936,1936,41.480610993022104
1937,1937,36.206038569910135
1938,1938,-6.6232551537854985
1939,1939,56.50750679411467
1940,1940,6.499352524778382
1941,1941,15.923388666264772
1942,1942,28.95009453487638
1943,1943,63.71796572325799
1944,1944,59.881488639210296
1945,1945,34.306197728246495
1946,1946,41.30184985099466
1947,1947,78.31782567117298
1948,1948,35.62489997168978
1949,1949,31.47327215810014
1950,1950,28.737148625002693
1951,1951,18.479770143741938
1952,1952,3.828609045311395
1953,1953,-8.06208056507242
1954,1954,19.173695921494193
1955,1955,44.456464488002794
1956,1956,52.800635975748776
1957,1957,42.44225282806006
1958,1958,99.92080657063757
1959,1959,37.49008710132078
1960,1960,50.04911542509496
1961,1961,88.51159777394267
1962,1962,20.27264264800997
1963,1963,44.106931639093325
1964,1964,35.906854350356426
1965,1965,96.46860561414236
1966,1966,24.787433041309114
1967,1967,102.869078170891
1968,1968,40.23365226588257
1969,1969,26.211453820180743
1970,1970,16.26362306203102
1971,1971,61.37261251457884
1972,1972,28.439391628778502
1973,1973,34.93720591195054
1974,1974,27.22859885242446
1975,1975,6.329122681960538
1976,1976,27.047185391540822
1977,1977,105.46759148486782
1978,1978,35.58247027801557
1979,1979,93.33104231903117
1980,1980,37.69094513649165
1981,1981,-3.5000447238181636
1982,1982,111.90031890391943
1983,1983,42.788123830791
1984,1984,50.574765162469554
1985,1985,0.3747428006947078
1986,1986,21.759842238994775
1987,1987,116.23499212673362
1988,1988,111.06376596444521
1989,1989,0.6996596635413947
1990,1990,21.64366538608387
1991,1991,20.43473932777819
1992,1992,19.575303636450904
1993,1993,71.41147440810893
1994,1994,-12.153723188553437
1995,1995,18.487350159379837
1996,1996,68.12717765473646
1997,1997,39.39590339175982
1998,1998,7.253974023366553
1999,1999,32.514896282481835
2000,2000,54.91627036747678
2001,2001,47.9407574470865
2002,2002,27.36269410301332
2003,2003,35.89549230930614
2004,2004,30.543445464812148
2005,2005,34.01043631544203
2006,2006,104.65380075845091
2007,2007,9.34294683968045
2008,2008,110.72562775428244
2009,2009,4.664923393232029
2010,2010,7.584004914358386
2011,2011,72.1800830871503
2012,2012,21.56062087972524
2013,2013,14.719891705140501
2014,2014,18.396887127859557
2015,2015,40.18497761801178
2016,2016,41.324731684433495
2017,2017,64.54667952963187
2018,2018,36.52448043824123
2019,2019,53.24688594279638
2020,2020,12.125519177641817
2021,2021,50.00899759910999
2022,2022,96.48007031944755
2023,2023,21.14565623035237
2024,2024,34.41129823020457
2025,2025,42.06487415795741
2026,2026,7.983096440609396
2027,2027,11.80072715416325
2028,2028,26.721854001938908
2029,2029,56.05744675076165
2030,2030,13.814110726004802
2031,2031,58.824357239234246
2032,2032,40.75942280659572
2033,2033,17.992386190830626
2034,2034,22.7477717744954
2035,2035,17.898830453413304
2036,2036,5.375063599677241
2037,2037,40.89493527852229
2038,2038,31.475895458735984
2039,2039,20.89006463354614
2040,2040,47.88243383036158
2041,2041,12.580723162478828
2042,2042,-7.42395842564465
2043,2043,-7.352084818563305
2044,2044,14.665941190042039
2045,2045,61.3422857146871
2046,2046,12.361617153023952
2047,2047,24.65524018920819
2048,2048,113.55828265437432
2049,2049,14.654749596745978
2050,2050,6.550786783229659
2051,2051,44.14840341802356
2052,2052,47.53576613082587
2053,2053,20.099361402237275
2054,2054,4.92710015840289
2055,2055,44.491317502883334
2056,2056,105.04973027313581
2057,2057,26.448060125037365
2058,2058,43.461100879502126
2059,2059,104.60129861681025
2060,2060,21.607723545026808
2061,2061,66.52051898328422
2062,2062,17.568935722920223
2063,2063,15.316479731574013
2064,2064,29.86546835747833
2065,2065,17.603605733753632
2066,2066,67.49427670923546
2067,2067,38.998930450238504
2068,2068,53.997931364460214
2069,2069,55.1050927591498
2070,2070,42.2595057024796
2071,2071,48.16674876861962
2072,2072,43.80198490043332
2073,2073,26.514029975957538
2074,2074,29.44275314173887
2075,2075,5.705961324395614
2076,2076,63.90621240880272
2077,2077,24.23930779494674
2078,2078,14.720982830716094
2079,2079,25.78864156675161
2080,2080,105.31667118052687
2081,2081,34.49372061134971
2082,2082,41.412353712290454
2083,2083,36.65480951786642
2084,2084,63.588531554470144
2085,2085,7.44070332154706
2086,2086,17.271452319035667
2087,2087,107.71729357580006
2088,2088,0.45236504662206495
2089,2089,97.86607750759966
2090,2090,100.06444803687816
2091,2091,115.12879225619565
2092,2092,95.16027375506609
2093,2093,9.24869764741137
2094,2094,22.01871655547314
2095,2095,0.9509844037759371
2096,2096,51.0033849801958
2097,2097,50.69659755353761
2098,2098,51.24130779718767
2099,2099,67.26582867987513
2100,2100,-7.437305248991709
2101,2101,19.513648305795947
2102,2102,9.146723449617228
2103,2103,115.56782788816156
2104,2104,21.03042947610115
2105,2105,49.133085450183295
2106,2106,91.04424270038109
2107,2107,23.128452409852223
2108,2108,0.7671918162938325
2109,2109,6.533777812382487
2110,2110,14.65144715758916
2111,2111,28.920968435310435
2112,2112,39.21133366948321
2113,2113,51.505135815338406
2114,2114,30.70843035817319
2115,2115,22.20603326102297
2116,2116,27.250034706223147
2117,2117,100.82876797884941
2118,2118,40.70457103844455
2119,2119,34.66532492681203
2120,2120,20.314690167288216
2121,2121,14.803322210307641
2122,2122,12.09236875872545
2123,2123,49.9355530942433
2124,2124,38.37973813175466
2125,2125,101.75045353397537
2126,2126,52.81034627904203
2127,2127,15.713949192005197
2128,2128,30.973474119193682
2129,2129,70.83386212972624
2130,2130,12.899103518948802
2131,2131,22.96239146288335
2132,2132,29.425565317422397
2133,2133,91.14964332354667
2134,2134,45.41185310004802
2135,2135,38.66452178921064
2136,2136,21.586171902937036
2137,2137,114.84664534706913
2138,2138,21.569092869274517
2139,2139,30.486249394229514
2140,2140,105.7509969068703
2141,2141,59.01859261312411
2142,2142,61.76772826025693
2143,2143,23.41991054242706
2144,2144,47.8318533796469
2145,2145,63.58496803822498
2146,2146,40.73784616903466
2147,2147,29.51453842404706
2148,2148,20.501081438270276
2149,2149,53.29421231381722
2150,2150,2.7605839945447577
2151,2151,49.91954351296121
2152,2152,14.133904053347786
2153,2153,21.782152276472218
2154,2154,104.91521871039953
2155,2155,21.796290674505837
2156,2156,37.10441151665787
2157,2157,16.20761813490305
2158,2158,52.67225205495344
2159,2159,39.15446381453978
2160,2160,31.66596073944687
2161,2161,41.476410576121594
2162,2162,48.54151156055298
2163,2163,77.84608271636282
2164,2164,41.76696431861532
2165,2165,15.516891067685794
2166,2166,-8.052186455838477
2167,2167,47.30329595215576
2168,2168,107.82214069172915
2169,2169,16.502311943552698
2170,2170,114.2013292595564
2171,2171,27.011254779539914
2172,2172,63.91987072886508
2173,2173,0.10594044325123599
2174,2174,9.548763849466745
2175,2175,15.645505218560011
2176,2176,57.31802799159903
2177,2177,25.115607503291663
2178,2178,8.465409829564452
2179,2179,37.15362342470874
2180,2180,42.929218816857905
2181,2181,0.4092442299222373
2182,2182,93.43145480462746
2183,2183,28.396810798301694
2184,2184,46.65125688085748
2185,2185,39.37088767822111
2186,2186,4.74573398536962
2187,2187,46.240009539748705
2188,2188,31.278384335809854
2189,2189,57.60099771273402
2190,2190,26.863120050347273
2191,2191,62.206142670313106
2192,2192,33.04223177126403
2193,2193,115.42595082974353
2194,2194,106.3988082468618
2195,2195,104.67974625057104
2196,2196,32.87511960458634
2197,2197,11.992722508004237
2198,2198,102.27529540159634
2199,2199,25.18897818575577
2200,2200,114.43296383035785
2201,2201,17.361627360448978
2202,2202,45.80841336824316
2203,2203,52.90876527719412
2204,2204,23.35809791309723
2205,2205,54.29920811976777
2206,2206,36.98947856322475
2207,2207,61.289191174946644
2208,2208,52.01680531682774
2209,2209,92.3094286722312
2210,2210,3.899712807902952
2211,2211,12.640021151037086
2212,2212,40.00978570541278
2213,2213,-1.3237868173604932
2214,2214,33.83505621151307
2215,2215,69.35267191087995
2216,2216,10.252821018591462
2217,2217,30.87587559782382
2218,2218,30.894584136097656
2219,2219,27.88862668153708
2220,2220,17.203569964644714
2221,2221,18.655870877864377
2222,2222,29.61791631667236
2223,2223,53.76869868767129
2224,2224,11.826877457341244
2225,2225,28.950318890153724
2226,2226,15.039280162900816
2227,2227,41.244227980230676
2228,2228,118.26635555130684
2229,2229,26.38223102744031
2230,2230,25.439654422991786
2231,2231,100.04207803101774
2232,2232,27.114374343061627
2233,2233,47.19542442495669
2234,2234,35.56335374680337
2235,2235,114.34413212601265
2236,2236,36.246496032047915
2237,2237,38.24243231749164
2238,2238,9.517819663541843
2239,2239,39.89508335870528
2240,2240,42.74722173053555
2241,2241,7.2486618427842
2242,2242,0.04783434479635276
2243,2243,35.36960738471067
2244,2244,49.97900406596942
2245,2245,33.33741974538882
2246,2246,112.14351185680809
2247,2247,23.44002275355384
2248,2248,57.64670180127113
2249,2249,97.34328679012589
2250,2250,3.04976374121587
2251,2251,20.971920603784312
2252,2252,13.961261075458978
2253,2253,-6.673410965440965
2254,2254,36.04094448565443
2255,2255,32.66596797421358
2256,2256,9.431684465208551
2257,2257,38.784435474495474
2258,2258,27.708991933773618
2259,2259,39.53629061092693
2260,2260,36.510406688183835
2261,2261,44.519358838732494
2262,2262,49.2173238254405
2263,2263,108.21771269051659
2264,2264,95.47419384865536
2265,2265,28.72069535528757
2266,2266,101.90308961755375
2267,2267,18.833017608084003
2268,2268,0.9907523848311875
2269,2269,46.41286944028547
2270,2270,23.249109675159694
2271,2271,14.792313781920859
2272,2272,-1.096433897671432
2273,2273,109.0191781335932
2274,2274,15.582183753713823
2275,2275,11.252128882614373
2276,2276,43.986491276697784
2277,2277,115.40763247780016
2278,2278,18.56842503352076
2279,2279,22.69695723952845
2280,2280,39.65934904923592
2281,2281,-1.2950927948206425
2282,2282,18.69337493545941
2283,2283,15.76020619338998
2284,2284,7.431905722576012
2285,2285,20.47622595333755
2286,2286,34.14623875946
2287,2287,45.71186080641926
2288,2288,17.03305956355869
2289,2289,24.804963699057687
2290,2290,37.06074865016901
2291,2291,66.16236457367798
2292,2292,93.40918791769123
2293,2293,59.502692834113724
2294,2294,18.20483785240287
2295,2295,8.76279127023029
2296,2296,97.61263696863408
2297,2297,6.301120027820478
2298,2298,36.76794916665338
2299,2299,48.17638788834438
2300,2300,34.957039374989584
2301,2301,111.64189768675692
2302,2302,48.16615641284002
2303,2303,25.21637647316147
2304,2304,37.03890398470091
2305,2305,58.93616502627943
2306,2306,15.504897916695416
2307,2307,51.042588746467956
2308,2308,14.815217673400548
2309,2309,99.89652236741581
2310,2310,39.776299063565574
2311,2311,107.87790918164929
2312,2312,40.55882980067397
2313,2313,27.15548041273256
2314,2314,32.33120185848729
2315,2315,51.6014801971159
2316,2316,70.83747956590621
2317,2317,48.16292515898678
2318,2318,48.20692405868673
2319,2319,68.01289380294187
2320,2320,21.93256159799672
2321,2321,37.64538619929664
2322,2322,-8.480819488214369
2323,2323,44.52325811756205
2324,2324,58.85513387740128
2325,2325,59.51977340924266
2326,2326,15.68447368248822
2327,2327,40.47559312846888
2328,2328,6.296751220493294
2329,2329,25.824001471543752
2330,2330,22.156178743981055
2331,2331,111.5995024757369
2332,2332,22.86390407345651
2333,2333,67.62649362349292
2334,2334,14.421970276287208
2335,2335,107.90570346059353
2336,2336,56.08085115694273
2337,2337,45.418782339326256
2338,2338,2.6193021462714783
2339,2339,15.01488079732707
2340,2340,20.929532054297983
2341,2341,38.12086649483165
2342,2342,21.12611184788497
2343,2343,24.537812665866472
2344,2344,101.82338624845485
2345,2345,-4.751612866046703
2346,2346,28.587114026795337
2347,2347,65.27707685950725
2348,2348,10.199546051365669
2349,2349,23.1101926103275
2350,2350,18.75873265653005
2351,2351,31.966668625013856
2352,2352,28.055097772753793
2353,2353,2.483219212530331
2354,2354,60.04874729241464
2355,2355,47.76029640667003
2356,2356,26.546462288200807
2357,2357,96.67381909136012
2358,2358,17.756557578448565
2359,2359,7.7247474624847925
2360,2360,111.22840626181228
2361,2361,97.65559689952427
2362,2362,-7.431851277360642
2363,2363,23.165587762322733
2364,2364,113.49209483546902
2365,2365,91.21689639696616
2366,2366,66.12437662548464
2367,2367,42.06487415795741
2368,2368,1.0783324830410554
2369,2369,39.116272812575644
2370,2370,18.083471323433333
2371,2371,46.00599683478661
2372,2372,91.88079563985531
2373,2373,11.860322862558915
2374,2374,18.55241621637252
2375,2375,9.428488531011109
2376,2376,20.094990651858634
2377,2377,26.323996903775193
2378,2378,40.065205893645555
2379,2379,10.162326196378336
2380,2380,32.8666018661727
2381,2381,21.504103531741944
2382,2382,66.59765977468328
2383,2383,21.88084124331577
2384,2384,64.51116829398696
2385,2385,34.69826489577287
2386,2386,43.31382105156418
2387,2387,-10.554128666290866
2388,2388,56.32087768693673
2389,2389,41.84102220673742
2390,2390,59.8693146329862
2391,2391,57.58272304720084
2392,2392,10.321678480452992
2393,2393,-2.8528540408938814
2394,2394,37.10165670663599
2395,2395,32.898611588351486
2396,2396,113.86100968379883
2397,2397,27.039912581955207
2398,2398,35.05300077034891
2399,2399,76.1099095733832
2400,2400,12.077458073764914
2401,2401,26.631662338078083
2402,2402,18.791716230186257
2403,2403,45.2288681363735
2404,2404,6.621624794391999
2405,2405,18.844037171562324
2406,2406,40.43107816750405
2407,2407,12.805632703675851
2408,2408,23.800903173834964
2409,2409,17.33294590424072
2410,2410,20.936722201972408
2411,2411,29.088261483106738
2412,2412,103.49153371102511
2413,2413,24.186252557421465
2414,2414,44.13967604961211
2415,2415,65.17167583993215
2416,2416,114.5866881649898
2417,2417,47.66681194367032
2418,2418,99.69765438066023
2419,2419,42.28611940552666
2420,2420,27.640770885806596
2421,2421,40.154217404008115
2422,2422,53.53888438769727
2423,2423,10.499341833296155
2424,2424,26.015531498130194
2425,2425,14.895356381225088
2426,2426,-9.277927542941981
2427,2427,26.81668613804711
2428,2428,-5.384311717242192
2429,2429,13.824282122659312
2430,2430,48.74853693785096
2431,2431,11.06139119845435
2432,2432,38.894820325844584
2433,2433,47.55750663464077
2434,2434,22.197711596065155
2435,2435,43.76264505020374
2436,2436,56.229526424468055
2437,2437,29.13756586395064
2438,2438,25.77252096628643
2439,2439,7.704037727411019
2440,2440,15.038067413623432
2441,2441,53.65643970876708
2442,2442,-10.833527875905503
2443,2443,32.504687629534274
2444,2444,18.52500348447011
2445,2445,102.04025299823745
2446,2446,46.07760435026221
2447,2447,115.40763247780016
2448,2448,22.745161495591727
2449,2449,96.91102211803819
2450,2450,31.913923924792297
2451,2451,42.92476802712
2452,2452,38.54323598545439
2453,2453,92.38587235600173
2454,2454,11.364617279135494
2455,2455,21.64314363438405
2456,2456,20.542068418343575
2457,2457,33.917803462716755
2458,2458,20.515078823722437
2459,2459,30.505063689729987
2460,2460,12.472887401086883
2461,2461,32.79634578908163
2462,2462,32.02818637909779
2463,2463,42.02629763018888
2464,2464,11.993390676351066
2465,2465,43.768793428930564
2466,2466,11.986223708077642
2467,2467,87.60939248817971
2468,2468,5.499170642057023
2469,2469,80.32083260126734
2470,2470,27.39398092020758
2471,2471,48.17165730796302
2472,2472,91.83980854852389
2473,2473,23.184992056751526
2474,2474,42.14921384982884
2475,2475,35.00913559809773
2476,2476,7.161019681174889
